{
    "nx": 250,
    "ny": 250,
    "xsky": 806.7600000000746,
    "xdisc": 716.0400000000662,
    "cellsize": 6.480000000000599,
    "unit": "au"
}