{
    "nx": 250,
    "ny": 250,
    "xsky": 379.9999999999967,
    "xdisc": 379.9999999999967,
    "cellsize": 3.052208835341339,
    "unit": "au"
}